{"noiseKey":{"private":{"type":"Buffer","data":"uIm3sQOt2clAIo46H95EzrkCX21qVCdmh73IRuv9S20="},"public":{"type":"Buffer","data":"K+3rjg7A00XNJV7HQMMfpRmRR4QLiyuYKgH4KaU33jU="}},"pairingEphemeralKeyPair":{"private":{"type":"Buffer","data":"UBx5rZ0BB1IdsK4ftMMazPgvojD8Lz3elS2G4gRmmnA="},"public":{"type":"Buffer","data":"OHrK0YDKY98VnhY3RjwyyZ2xwYDUZhnMaC21LSvpJko="}},"signedIdentityKey":{"private":{"type":"Buffer","data":"sG3D3QEqsETA8oyD2jiIS0lE9LtKSxxolXWGlIlBkE0="},"public":{"type":"Buffer","data":"sMVDrfgYzU42SxsaOif/2kn5ONSqDSuZRJrI+KqKS2M="}},"signedPreKey":{"keyPair":{"private":{"type":"Buffer","data":"UNMYjN92lm9y6BnlNGXLjtg1t9C1McBAYNXz+/oeVHc="},"public":{"type":"Buffer","data":"q6gGjGKZDBH/OQJsNkQV8xYAq9aZHljl9tu88Lis4CY="}},"signature":{"type":"Buffer","data":"k1v+NLXftajEUcECTC2KpJSyPqTByWkZKsNI7FP3d+EwMW3sGYnghHC1Rz41504dBtu+IU9aeev594BPhNH/hw=="},"keyId":1},"registrationId":121,"advSecretKey":"WxNJI3GygrIu8BKoxdg+P9bYwp0Xs+2YC9/ApybUsmg=","processedHistoryMessages":[{"key":{"remoteJid":"94724693238@s.whatsapp.net","fromMe":true,"id":"580102B88F196073DFB5CF976F8FEE84"},"messageTimestamp":1720574900},{"key":{"remoteJid":"94724693238@s.whatsapp.net","fromMe":true,"id":"7C6E49775B3D233D7B6DDD6754B65482"},"messageTimestamp":1720574900},{"key":{"remoteJid":"94724693238@s.whatsapp.net","fromMe":true,"id":"0A410A2C83E27AC4756135CCCC4F82FF"},"messageTimestamp":1720574904},{"key":{"remoteJid":"94724693238@s.whatsapp.net","fromMe":true,"id":"EF1D2289CFC792029D040C127DE24618"},"messageTimestamp":1720574904}],"nextPreKeyId":31,"firstUnuploadedPreKeyId":31,"accountSyncCounter":1,"accountSettings":{"unarchiveChats":false},"deviceId":"RdHvFRWrSmCMRCZpjqdc_w","phoneId":"5d8bf072-c23c-4e1f-8cd2-41ecc9b27d0e","identityId":{"type":"Buffer","data":"2VlSl8LzaVHlCCDZvgf4pwRACSk="},"registered":true,"backupToken":{"type":"Buffer","data":"14DKOHHFuBrESy0fMXXS9kEG/10="},"registration":{},"pairingCode":"GKSXD6NJ","me":{"id":"94724693238:1@s.whatsapp.net","lid":"262345678934031:1@lid","name":"CYBER THEEKSHANA"},"account":{"details":"CIDPvNgBEK/Ht7QGGAEgACgA","accountSignatureKey":"Eljbznyu7wREdeP0IOc271AhWgPRTBVKJ1eGCoZkSQw=","accountSignature":"+J/7az4p46n7FKktQA233TATE0xaki4pXg8+dEkV9JOrL6ljzaj1O4Fww14UfZqguOnMzfczntMd7r3nCCX0AQ==","deviceSignature":"fJpFs6kDj0SyWD3y3uGTJN6I7y1n8YWVi8iISrDIwNPQ1pNFCTLkKFRR6npFw0Q1y/2o4opfsZ+VzYaHqAmjjA=="},"signalIdentities":[{"identifier":{"name":"94724693238:1@s.whatsapp.net","deviceId":0},"identifierKey":{"type":"Buffer","data":"BRJY2858ru8ERHXj9CDnNu9QIVoD0UwVSidXhgqGZEkM"}}],"platform":"android","lastAccountSyncTimestamp":1720574898,"myAppStateKeyId":"AAAAAMsv"}
